Workbook

Sheet PROJECT_INFO
A1: PROJECT INFORMATION
A2: Project Name | B2: My Project
A3: Project Number | B3: PRJ-001
A4: Controller Tag Prefix | B4: PLC-1
A5: Controller Model | B5: 5069-L310ER
A6: IO Address Prefix | B6: DI_
A7: Engineer Name | B7: Eng. Anas
A8: Client Name | B8: SJCC
A9: Site Name | B9: ZARA
A10: Revision | B10: A
A11: Notes | B11: first issue
A13: ⚠ Fill in all yellow cells before running the generator.

Sheet MODULE_DB
A1: Model No. | B1: Description | C1: Type (DI/DO/AI/AO) | D1: Channel Qty
A2: 1734-IB8 | B2: POINT I/O 8-Ch Digital Input 24VDC | C2: DI | D2: 8
A3: 1734-IB16 | B3: POINT I/O 16-Ch Digital Input 24VDC | C3: DI | D3: 16
A4: 1734-OB8 | B4: POINT I/O 8-Ch Digital Output 24VDC | C4: DO | D4: 8
A5: 1734-OB16 | B5: POINT I/O 16-Ch Digital Output 24VDC | C5: DO | D5: 16
A6: 1734-IE8C | B6: POINT I/O 8-Ch Analog Input 4-20mA | C6: AI | D6: 8
A7: 1734-IE4C | B7: POINT I/O 4-Ch Analog Input 4-20mA | C7: AI | D7: 4
A8: 1734-OE4C | B8: POINT I/O 4-Ch Analog Output 4-20mA | C8: AO | D8: 4
A9: 1734-OE2C | B9: POINT I/O 2-Ch Analog Output 4-20mA | C9: AO | D9: 2
A10: 1756-IB32 | B10: ControlLogix 32-Ch Digital Input 24VDC | C10: DI | D10: 32
A11: 1756-IB16 | B11: ControlLogix 16-Ch Digital Input 24VDC | C11: DI | D11: 16
A12: 1756-OB32 | B12: ControlLogix 32-Ch Digital Output 24VDC | C12: DO | D12: 32
A13: 1756-OB16 | B13: ControlLogix 16-Ch Digital Output 24VDC | C13: DO | D13: 16
... A34: 5069-OF2 | B34: Compact 5000 2-Ch Analog Output | C34: AO | D34: 2
A36: Color legend: | B36: DI | C36: DO | D36: AI | E36: AO

Sheet HARDWARE_CONFIG
A1: Rack Name | B1: Module Model No. | C1: Modules Qty | D1: Module Desc | E1: Module Type | F1: Module Signals | G1: Total Signals | I1: ⚠ Rack Name must be consistent (e.g. 'RACK 01'). Model No. must match MODULE_DB exactly. Signals are arranged DI → DO → AI → AO per rack.
A2: RACK 01 | B2: 1734-IB16 | C2: 7 | D2: =IF(ISERROR(VLOOKUP(HARDWARE_CONFIG!B2,MODULE_DB!$A$2:$D$25,2,FALSE)),"",VLOOKUP(HARDWARE_CONFIG!B2,MODULE_DB!$A$2:$D$25,2,FALSE)) -> POINT I/O 16-Ch Digital Input 24VDC | E2: =IF(ISERROR(VLOOKUP(B2,MODULE_DB!$A$2:$D$25,3,FALSE)),"",VLOOKUP(B2,MODULE_DB!$A$2:$D$25,3,FALSE)) -> DI | F2: =IF(ISERROR(VLOOKUP(B2,MODULE_DB!$A$2:$D$25,4,FALSE)),"",VLOOKUP(B2,MODULE_DB!$A$2:$D$25,4,FALSE)) -> 16 | G2: =F2*C2 -> 112
A3: RACK 01 | B3: 1734-OB8 | C3: 3 | D3: =IF(ISERROR(VLOOKUP(HARDWARE_CONFIG!B3,MODULE_DB!$A$2:$D$25,2,FALSE)),"",VLOOKUP(HARDWARE_CONFIG!B3,MODULE_DB!$A$2:$D$25,2,FALSE)) -> POINT I/O 8-Ch Digital Output 24VDC | E3: =IF(ISERROR(VLOOKUP(B3,MODULE_DB!$A$2:$D$25,3,FALSE)),"",VLOOKUP(B3,MODULE_DB!$A$2:$D$25,3,FALSE)) -> DO | F3: =IF(ISERROR(VLOOKUP(B3,MODULE_DB!$A$2:$D$25,4,FALSE)),"",VLOOKUP(B3,MODULE_DB!$A$2:$D$25,4,FALSE)) -> 8 | G3: 3
A4: RACK 01 | B4: 1734-IE8C | C4: 1 | D4: =IF(ISERROR(VLOOKUP(HARDWARE_CONFIG!B4,MODULE_DB!$A$2:$D$25,2,FALSE)),"",VLOOKUP(HARDWARE_CONFIG!B4,MODULE_DB!$A$2:$D$25,2,FALSE)) -> POINT I/O 8-Ch Analog Input 4-20mA | E4: =IF(ISERROR(VLOOKUP(B4,MODULE_DB!$A$2:$D$25,3,FALSE)),"",VLOOKUP(B4,MODULE_DB!$A$2:$D$25,3,FALSE)) -> AI | F4: =IF(ISERROR(VLOOKUP(B4,MODULE_DB!$A$2:$D$25,4,FALSE)),"",VLOOKUP(B4,MODULE_DB!$A$2:$D$25,4,FALSE)) -> 8 | G4: 1
A5: RACK 02 | B5: 1734-IB8 | C5: 2 | D5: =IF(ISERROR(VLOOKUP(HARDWARE_CONFIG!B5,MODULE_DB!$A$2:$D$25,2,FALSE)),"",VLOOKUP(HARDWARE_CONFIG!B5,MODULE_DB!$A$2:$D$25,2,FALSE)) -> POINT I/O 8-Ch Digital Input 24VDC | E5: =IF(ISERROR(VLOOKUP(B5,MODULE_DB!$A$2:$D$25,3,FALSE)),"",VLOOKUP(B5,MODULE_DB!$A$2:$D$25,3,FALSE)) -> DI | F5: =IF(ISERROR(VLOOKUP(B5,MODULE_DB!$A$2:$D$25,4,FALSE)),"",VLOOKUP(B5,MODULE_DB!$A$2:$D$25,4,FALSE)) -> 8 | G5: 2
A6: RACK 02 | B6: 1734-OB8 | C6: 1 | D6: =IF(ISERROR(VLOOKUP(HARDWARE_CONFIG!B6,MODULE_DB!$A$2:$D$25,2,FALSE)),"",VLOOKUP(HARDWARE_CONFIG!B6,MODULE_DB!$A$2:$D$25,2,FALSE)) -> POINT I/O 8-Ch Digital Output 24VDC | E6: =IF(ISERROR(VLOOKUP(B6,MODULE_DB!$A$2:$D$25,3,FALSE)),"",VLOOKUP(B6,MODULE_DB!$A$2:$D$25,3,FALSE)) -> DO | F6: =IF(ISERROR(VLOOKUP(B6,MODULE_DB!$A$2:$D$25,4,FALSE)),"",VLOOKUP(B6,MODULE_DB!$A$2:$D$25,4,FALSE)) -> 8 | G6: 1
D7: =IF(ISERROR(VLOOKUP(HARDWARE_CONFIG!B7,MODULE_DB!$A$2:$D$25,2,FALSE)),"",VLOOKUP(HARDWARE_CONFIG!B7,MODULE_DB!$A$2:$D$25,2,FALSE)) | E7: =IF(ISERROR(VLOOKUP(B7,MODULE_DB!$A$2:$D$25,3,FALSE)),"",VLOOKUP(B7,MODULE_DB!$A$2:$D$25,3,FALSE)) | F7: =IF(ISERROR(VLOOKUP(B7,MODULE_DB!$A$2:$D$25,4,FALSE)),"",VLOOKUP(B7,MODULE_DB!$A$2:$D$25,4,FALSE)) | G7: 1
D8: =IF(ISERROR(VLOOKUP(HARDWARE_CONFIG!B8,MODULE_DB!$A$2:$D$25,2,FALSE)),"",VLOOKUP(HARDWARE_CONFIG!B8,MODULE_DB!$A$2:$D$25,2,FALSE)) | E8: =IF(ISERROR(VLOOKUP(B8,MODULE_DB!$A$2:$D$25,3,FALSE)),"",VLOOKUP(B8,MODULE_DB!$A$2:$D$25,3,FALSE)) | F8: =IF(ISERROR(VLOOKUP(B8,MODULE_DB!$A$2:$D$25,4,FALSE)),"",VLOOKUP(B8,MODULE_DB!$A$2:$D$25,4,FALSE)) | G8: 1
D9: =IF(ISERROR(VLOOKUP(HARDWARE_CONFIG!B9,MODULE_DB!$A$2:$D$25,2,FALSE)),"",VLOOKUP(HARDWARE_CONFIG!B9,MODULE_DB!$A$2:$D$25,2,FALSE)) | E9: =IF(ISERROR(VLOOKUP(B9,MODULE_DB!$A$2:$D$25,3,FALSE)),"",VLOOKUP(B9,MODULE_DB!$A$2:$D$25,3,FALSE)) | F9: =IF(ISERROR(VLOOKUP(B9,MODULE_DB!$A$2:$D$25,4,FALSE)),"",VLOOKUP(B9,MODULE_DB!$A$2:$D$25,4,FALSE)) | G9: 1
D10: =IF(ISERROR(VLOOKUP(HARDWARE_CONFIG!B10,MODULE_DB!$A$2:$D$25,2,FALSE)),"",VLOOKUP(HARDWARE_CONFIG!B10,MODULE_DB!$A$2:$D$25,2,FALSE)) | E10: =IF(ISERROR(VLOOKUP(B10,MODULE_DB!$A$2:$D$25,3,FALSE)),"",VLOOKUP(B10,MODULE_DB!$A$2:$D$25,3,FALSE)) | F10: =IF(ISERROR(VLOOKUP(B10,MODULE_DB!$A$2:$D$25,4,FALSE)),"",VLOOKUP(B10,MODULE_DB!$A$2:$D$25,4,FALSE)) | G10: 1
D11: =IF(ISERROR(VLOOKUP(HARDWARE_CONFIG!B11,MODULE_DB!$A$2:$D$25,2,FALSE)),"",VLOOKUP(HARDWARE_CONFIG!B11,MODULE_DB!$A$2:$D$25,2,FALSE)) | E11: =IF(ISERROR(VLOOKUP(B11,MODULE_DB!$A$2:$D$25,3,FALSE)),"",VLOOKUP(B11,MODULE_DB!$A$2:$D$25,3,FALSE)) | F11: =IF(ISERROR(VLOOKUP(B11,MODULE_DB!$A$2:$D$25,4,FALSE)),"",VLOOKUP(B11,MODULE_DB!$A$2:$D$25,4,FALSE)) | G11: 1
D12: =IF(ISERROR(VLOOKUP(HARDWARE_CONFIG!B12,MODULE_DB!$A$2:$D$25,2,FALSE)),"",VLOOKUP(HARDWARE_CONFIG!B12,MODULE_DB!$A$2:$D$25,2,FALSE)) | E12: =IF(ISERROR(VLOOKUP(B12,MODULE_DB!$A$2:$D$25,3,FALSE)),"",VLOOKUP(B12,MODULE_DB!$A$2:$D$25,3,FALSE)) | F12: =IF(ISERROR(VLOOKUP(B12,MODULE_DB!$A$2:$D$25,4,FALSE)),"",VLOOKUP(B12,MODULE_DB!$A$2:$D$25,4,FALSE)) | G12: 1
D13: =IF(ISERROR(VLOOKUP(HARDWARE_CONFIG!B13,MODULE_DB!$A$2:$D$25,2,FALSE)),"",VLOOKUP(HARDWARE_CONFIG!B13,MODULE_DB!$A$2:$D$25,2,FALSE)) | E13: =IF(ISERROR(VLOOKUP(B13,MODULE_DB!$A$2:$D$25,3,FALSE)),"",VLOOKUP(B13,MODULE_DB!$A$2:$D$25,3,FALSE)) | F13: =IF(ISERROR(VLOOKUP(B13,MODULE_DB!$A$2:$D$25,4,FALSE)),"",VLOOKUP(B13,MODULE_DB!$A$2:$D$25,4,FALSE)) | G13: 1
D14: =IF(ISERROR(VLOOKUP(HARDWARE_CONFIG!B14,MODULE_DB!$A$2:$D$25,2,FALSE)),"",VLOOKUP(HARDWARE_CONFIG!B14,MODULE_DB!$A$2:$D$25,2,FALSE)) | E14: =IF(ISERROR(VLOOKUP(B14,MODULE_DB!$A$2:$D$25,3,FALSE)),"",VLOOKUP(B14,MODULE_DB!$A$2:$D$25,3,FALSE)) | F14: =IF(ISERROR(VLOOKUP(B14,MODULE_DB!$A$2:$D$25,4,FALSE)),"",VLOOKUP(B14,MODULE_DB!$A$2:$D$25,4,FALSE)) | G14: 1
D15: =IF(ISERROR(VLOOKUP(HARDWARE_CONFIG!B15,MODULE_DB!$A$2:$D$25,2,FALSE)),"",VLOOKUP(HARDWARE_CONFIG!B15,MODULE_DB!$A$2:$D$25,2,FALSE)) | E15: =IF(ISERROR(VLOOKUP(B15,MODULE_DB!$A$2:$D$25,3,FALSE)),"",VLOOKUP(B15,MODULE_DB!$A$2:$D$25,3,FALSE)) | F15: =IF(ISERROR(VLOOKUP(B15,MODULE_DB!$A$2:$D$25,4,FALSE)),"",VLOOKUP(B15,MODULE_DB!$A$2:$D$25,4,FALSE)) | G15: 1
D16: =IF(ISERROR(VLOOKUP(HARDWARE_CONFIG!B16,MODULE_DB!$A$2:$D$25,2,FALSE)),"",VLOOKUP(HARDWARE_CONFIG!B16,MODULE_DB!$A$2:$D$25,2,FALSE)) | E16: =IF(ISERROR(VLOOKUP(B16,MODULE_DB!$A$2:$D$25,3,FALSE)),"",VLOOKUP(B16,MODULE_DB!$A$2:$D$25,3,FALSE)) | F16: =IF(ISERROR(VLOOKUP(B16,MODULE_DB!$A$2:$D$25,4,FALSE)),"",VLOOKUP(B16,MODULE_DB!$A$2:$D$25,4,FALSE)) | G16: 1
D17: =IF(ISERROR(VLOOKUP(HARDWARE_CONFIG!B17,MODULE_DB!$A$2:$D$25,2,FALSE)),"",VLOOKUP(HARDWARE_CONFIG!B17,MODULE_DB!$A$2:$D$25,2,FALSE)) | E17: =IF(ISERROR(VLOOKUP(B17,MODULE_DB!$A$2:$D$25,3,FALSE)),"",VLOOKUP(B17,MODULE_DB!$A$2:$D$25,3,FALSE)) | F17: =IF(ISERROR(VLOOKUP(B17,MODULE_DB!$A$2:$D$25,4,FALSE)),"",VLOOKUP(B17,MODULE_DB!$A$2:$D$25,4,FALSE)) | G17: 1
D18: =IF(ISERROR(VLOOKUP(HARDWARE_CONFIG!B18,MODULE_DB!$A$2:$D$25,2,FALSE)),"",VLOOKUP(HARDWARE_CONFIG!B18,MODULE_DB!$A$2:$D$25,2,FALSE)) | E18: =IF(ISERROR(VLOOKUP(B18,MODULE_DB!$A$2:$D$25,3,FALSE)),"",VLOOKUP(B18,MODULE_DB!$A$2:$D$25,3,FALSE)) | F18: =IF(ISERROR(VLOOKUP(B18,MODULE_DB!$A$2:$D$25,4,FALSE)),"",VLOOKUP(B18,MODULE_DB!$A$2:$D$25,4,FALSE)) | G18: 1
... D40: =IF(ISERROR(VLOOKUP(HARDWARE_CONFIG!B40,MODULE_DB!$A$2:$D$25,2,FALSE)),"",VLOOKUP(HARDWARE_CONFIG!B40,MODULE_DB!$A$2:$D$25,2,FALSE)) | E40: =IF(ISERROR(VLOOKUP(B40,MODULE_DB!$A$2:$D$25,3,FALSE)),"",VLOOKUP(B40,MODULE_DB!$A$2:$D$25,3,FALSE)) | F40: =IF(ISERROR(VLOOKUP(B40,MODULE_DB!$A$2:$D$25,4,FALSE)),"",VLOOKUP(B40,MODULE_DB!$A$2:$D$25,4,FALSE)) | G40: 1

Sheet SIGNAL_MATRIX
A1: Category | B1: Signal Type | C1: Signal Row Name | D1: VSD | E1: FSD | F1: HVALVE | G1: MVALVE | H1: AI | I1: DI | J1: Bool | K1: DO | L1: DO
A2: HW | B2: DI | C2: DI Signal1 | D2: Remote | E2: Running | F2: Opened | G2: Opened | I2: Input | J2: Activated | K2: Activate | L2: Activate
A3: HW | B3: DI | C3: DI Signal2 | E3: Fault | F3: Closed | G3: Closed
A4: HW | B4: DI | C4: DI Signal3 | E4: Remote | G4: Remote
A5: HW | B5: DI | C5: DI Signal4
A6: HW | B6: DO | C6: DO Signal1 | E6: Start Command | G6: Open Command
A7: HW | B7: DO | C7: DO Signal2 | G7: Close Command
A8: HW | B8: AI | C8: AI Signal1 | H8: Raw
A9: HW | B9: AI | C9: AI Signal2
A10: HW | B10: AO | C10: AO Signal1
A11: HW | B11: AO | C11: AO Signal2
A13: ⚠ Signal Row Name must start with DI/DO/AI/AO. Cell value = signal description for that equipment type. Leave blank if not applicable. Add columns for new equipment types. Add rows for new signal rows.

Sheet EQUIPMENT_LIST
A1: Tag | B1: Description | C1: Type | D1: System (optional)
A2: 105-LIT-01 | B2: Level sensor for Tank 105-RF-01 | C2: AI | F2: ⚠ Type must match exactly one of the equipment type columns in SIGNAL_MATRIX sheet. Tag and Description are required.
A3: 105-LIT-02 | B3: Level sensor for Tank 105-RF-02 | C3: AI
A4: 105-LIT-03 | B4: Level sensor for Tank 105-RF-03 | C4: AI
A5: 105-LIT-05 | B5: Level sensor for Tank 105-RF-05 | C5: AI
A6: 105-FIT-01 | B6: Filling Flowmeter with Totalizer | C6: AI
A7: 105-FIT-02 | B7: Main dosing flowmeter | C7: AI
A8: 105-FIT-03 | B8: Post-treatment dosing flowmeter | C8: AI
A9: 105-PO-201A | B9: Main dosing pump A | C9: VSD
A10: 105-PO-201B | B10: Main dosing pump B (Standby, Alternative) | C10: VSD
A11: 105-PO-301A | B11: Post-treatment Dosing pump A | C11: VSD
A12: 105-PO-301B | B12: Post-treatment Dosing pump B (Standby) | C12: VSD
A13: 105-VH-101 | B13: Manual Valve with Feedback Signal | C13: HVALVE
A14: 105-VH-102 | B14: Manual Valve with Feedback Signal | C14: HVALVE
... A38: 105-VH-304 | B38: Manual Valve with Feedback Signal | C38: HVALVE
